UserID,FirstName,LastName,Email,PhoneNumber,Age,Gender,Country
1,John,Peterson,john.peterson275@gmail.com,(365)001-0865,42,Female,USA
2,Joshua,Taylor,joshua.taylor785@hotmail.com,466-892-2586x593,39,Female,Australia
3,Michael,Knox,michael.knox308@yahoo.com,(785)556-2559,44,Other,USA
4,James,Johnson,james.johnson863@hotmail.com,798-360-5128x83164,27,Female,Canada
5,Gina,Bush,gina.bush439@yahoo.com,180-721-7298,55,Other,Germany
6,Lisa,Miller,lisa.miller168@hotmail.com,-1582,49,Female,India
7,Jessica,Johnson,jessica.johnson796@yahoo.com,3370597524,48,Male,Canada
8,Mark,Lee,mark.lee580@yahoo.com,(678)285-1437x240,59,Female,Canada
9,Michael,Robinson,michael.robinson567@gmail.com,5071707250,36,Male,UK
10,Jessica,Conner,jessica.conner388@hotmail.com,984-490-7373x36013,31,Female,France
11,Donald,Patterson,donald.patterson198@yahoo.com,455.232.1137,47,Other,France
12,Peter,Clark,peter.clark368@yahoo.com,612.286.7387,22,Female,Germany
13,John,Moore,john.moore431@yahoo.com,-2560,33,Male,UK
14,James,Carter,james.carter282@gmail.com,001-134-186-9267x388,46,Female,Germany
15,Susan,Morris,susan.morris450@gmail.com,+1-655-295-1949x265,36,Male,France
16,Leah,Rush,leah.rush198@hotmail.com,026.440.6915x242,31,Other,Canada
17,Courtney,Edwards,courtney.edwards421@gmail.com,(912)434-2633,32,Female,UK
18,Debra,Stone,debra.stone621@hotmail.com,(425)373-3780x265,59,Male,USA
19,Edward,Collins,edward.collins495@hotmail.com,881-039-6334x11192,38,Female,Canada
20,David,Thornton,david.thornton191@yahoo.com,7634933734,36,Other,India
21,Nicole,Hernandez,nicole.hernandez881@hotmail.com,772.570.0142,26,Female,Australia
22,Timothy,Castaneda,timothy.castaneda899@gmail.com,8280971358,49,Male,Australia
23,Claire,Landry,claire.landry847@yahoo.com,001-625-057-2947x23883,32,Male,Canada
24,Nicole,Cook,nicole.cook511@hotmail.com,(254)577-1751x28572,60,Male,France
25,Sydney,Ramirez,sydney.ramirez780@gmail.com,001-872-291-9368x9400,54,Other,UK
26,Ryan,Shaffer,ryan.shaffer16@hotmail.com,924-929-2678x375,57,Other,Germany
27,Stephanie,Perez,stephanie.perez67@hotmail.com,(255)928-2860,27,Other,France
28,Darren,Nicholson,darren.nicholson234@yahoo.com,125-205-2613,34,Other,Germany
29,Laura,Diaz,laura.diaz507@hotmail.com,973-598-1169,31,Female,Germany
30,Jessica,Thompson,jessica.thompson511@hotmail.com,(443)101-8826x3763,19,Female,India
31,Blake,Tanner,blake.tanner108@yahoo.com,001-505-718-3223x0798,58,Female,India
32,Dustin,Lynn,dustin.lynn665@hotmail.com,(620)020-0473x568,57,Male,Australia
33,Christopher,Fowler,christopher.fowler702@yahoo.com,226-633-6478x171,34,Male,Canada
34,Anthony,Hines,anthony.hines922@yahoo.com,029-928-4102,37,Male,India
35,Patricia,Woods,patricia.woods728@gmail.com,001-085-568-6840x78478,18,Other,India
36,John,Garcia,john.garcia826@hotmail.com,(635)906-8556x164,27,Male,Canada
37,Amy,Le,amy.le213@hotmail.com,(434)908-8460,48,Other,India
38,Madeline,Garcia,madeline.garcia775@hotmail.com,(411)527-6353,47,Male,Australia
39,Jennifer,Peterson,jennifer.peterson915@yahoo.com,001-700-780-2989x757,48,Other,UK
40,Stephanie,Potts,stephanie.potts574@yahoo.com,(729)466-1264x5230,42,Other,UK
41,Joshua,Patrick,joshua.patrick35@gmail.com,(863)090-2716x53704,40,Male,UK
42,Benjamin,Mccall,benjamin.mccall263@hotmail.com,001-311-633-3157x65792,53,Other,India
43,Paula,Meyer,paula.meyer409@hotmail.com,9412560632,54,Female,Australia
44,Randall,Holloway,randall.holloway693@hotmail.com,726.063.6445,59,Female,India
45,Derrick,Charles,derrick.charles300@hotmail.com,-4865,49,Male,France
46,Nicole,Fields,nicole.fields481@yahoo.com,911.638.9181x2524,19,Female,Australia
47,Leslie,Lopez,leslie.lopez526@yahoo.com,+1-205-146-0593x6992,53,Other,UK
48,Brooke,Campos,brooke.campos439@hotmail.com,+1-014-134-6273x08064,58,Male,France
49,Cristian,Williams,cristian.williams718@hotmail.com,351-410-2983x29699,27,Female,Canada
50,Richard,Cunningham,richard.cunningham415@gmail.com,436.139.3165x07107,56,Other,UK
51,Kimberly,Williams,kimberly.williams285@gmail.com,+1-950-132-1795x031,58,Female,Canada
52,Sarah,Mitchell,sarah.mitchell634@yahoo.com,840-260-3934,42,Female,Germany
53,Maria,Torres,maria.torres272@yahoo.com,(043)995-3589x01213,21,Male,Australia
54,John,Martin,john.martin535@yahoo.com,1300408726,60,Other,India
55,Kathryn,Chung,kathryn.chung993@gmail.com,001-126-014-8051x6271,54,Other,India
56,William,Griffin,william.griffin3@gmail.com,(443)335-6635x93009,43,Male,Australia
57,Phillip,Salazar,phillip.salazar434@yahoo.com,+1-718-068-5234x7862,29,Other,Canada
58,Alison,Coleman,alison.coleman968@gmail.com,-8907,43,Other,Australia
59,Benjamin,Clements,benjamin.clements878@gmail.com,001-782-246-2495x52814,33,Other,India
60,Stacy,Johnson,stacy.johnson642@hotmail.com,134.696.2998x629,45,Other,France
61,Bradley,Richardson,bradley.richardson894@gmail.com,+1-013-499-3594x378,46,Male,France
62,Kathleen,Mendoza,kathleen.mendoza811@hotmail.com,001-391-897-0287x150,26,Female,USA
63,Kim,Thomas,kim.thomas344@hotmail.com,676-624-0047x4344,39,Male,UK
64,Brett,Carson,brett.carson922@yahoo.com,001-123-656-8854,18,Other,India
65,Matthew,Garcia,matthew.garcia489@yahoo.com,(127)755-9752x49547,59,Other,UK
66,Kimberly,Cruz,kimberly.cruz147@hotmail.com,+1-671-192-5699x12261,55,Other,Germany
67,Kristen,Li,kristen.li256@gmail.com,4962878182,19,Other,Australia
68,James,Williams,james.williams790@gmail.com,(318)380-8149,36,Male,USA
69,Benjamin,York,benjamin.york296@gmail.com,001-890-937-5997x09126,28,Female,USA
70,Tyler,Rodriguez,tyler.rodriguez420@yahoo.com,001-068-006-6669x898,37,Female,Australia
71,Kenneth,Thompson,kenneth.thompson925@hotmail.com,+1-417-025-0260x432,41,Male,India
72,Jeremy,Brooks,jeremy.brooks681@hotmail.com,632387505,20,Male,UK
73,Steven,Todd,steven.todd583@yahoo.com,260.150.3512x4667,26,Female,Canada
74,Karen,Robertson,karen.robertson984@gmail.com,001-955-929-2787x36606,54,Male,UK
75,Sandra,Lawson,sandra.lawson375@hotmail.com,(165)366-7442x83744,54,Other,France
76,James,Wilcox,james.wilcox345@gmail.com,4128861094,42,Female,Germany
77,Katrina,Robinson,katrina.robinson79@hotmail.com,321.234.1625x625,59,Other,India
78,Patricia,Moreno,patricia.moreno71@hotmail.com,237.018.8485,24,Other,France
79,Kimberly,Leonard,kimberly.leonard542@gmail.com,3598192072,34,Male,USA
80,Gregory,Anderson,gregory.anderson83@gmail.com,942-589-5378x114,29,Other,Germany
81,Michelle,Anderson,michelle.anderson227@yahoo.com,8499471892,33,Female,Canada
82,Jessica,Wells,jessica.wells951@hotmail.com,001-631-221-8243x83395,46,Female,Australia
83,James,Graham,james.graham181@gmail.com,001-153-295-1486x61834,38,Male,UK
84,Steven,Gordon,steven.gordon594@yahoo.com,777.245.8584,53,Other,France
85,Frances,Hawkins,frances.hawkins347@gmail.com,417.815.5138x16220,55,Female,Australia
86,Nicholas,Warren,nicholas.warren522@gmail.com,181.362.8790,57,Male,India
87,Larry,Carlson,larry.carlson868@yahoo.com,001-813-407-2950x4197,19,Other,USA
88,Noah,Perez,noah.perez535@gmail.com,(892)464-6141,59,Other,Canada
89,Rachel,Ferguson,rachel.ferguson818@gmail.com,(800)172-4917x694,58,Other,USA
90,Dawn,Garcia,dawn.garcia877@yahoo.com,(689)785-7873x08715,54,Other,Australia
91,Samantha,Lindsey,samantha.lindsey528@gmail.com,981.651.5919x761,50,Other,Canada
92,Julie,Hunter,julie.hunter662@gmail.com,+1-541-526-5129x13283,43,Female,Canada
93,Jimmy,Reyes,jimmy.reyes800@gmail.com,609.487.6625,23,Other,USA
94,Melissa,Rose,melissa.rose667@gmail.com,4458678655,29,Male,UK
95,Tamara,Baker,tamara.baker306@gmail.com,153-330-6533,37,Male,Germany
96,Elijah,Gonzales,elijah.gonzales605@hotmail.com,+1-491-074-4943x2859,46,Other,Australia
97,Jody,Cantrell,jody.cantrell691@gmail.com,(626)880-7050x910,59,Other,Canada
98,James,Henderson,james.henderson430@hotmail.com,001-497-315-6757,34,Female,Canada
99,Brandon,Mueller,brandon.mueller976@yahoo.com,754.544.6187x8513,48,Other,Australia
100,Jessica,Jackson,jessica.jackson500@hotmail.com,128-151-7635x14957,32,Other,Germany
101,Sarah,Davis,sarah.davis755@hotmail.com,094.155.5288x37663,38,Female,USA
102,Allison,White,allison.white113@yahoo.com,340-310-5306,54,Female,USA
103,Nancy,Fleming,nancy.fleming129@hotmail.com,001-603-089-7179x445,41,Other,Germany
104,Nicole,Wells,nicole.wells408@gmail.com,+1-274-643-7615x649,27,Other,Germany
105,Christopher,Ayers,christopher.ayers879@gmail.com,119-835-6102,46,Male,UK
106,Matthew,Moore,matthew.moore2@gmail.com,941-693-7426,25,Male,UK
107,Kaitlyn,Johnson,kaitlyn.johnson228@yahoo.com,+1-107-044-5276x3166,26,Female,USA
108,James,Massey,james.massey395@hotmail.com,6909654454,34,Male,Germany
109,David,Marks,david.marks601@gmail.com,001-215-976-3365,37,Male,Australia
110,Amber,Green,amber.green131@yahoo.com,378-152-7973,32,Female,USA
111,Jennifer,Bartlett,jennifer.bartlett836@hotmail.com,529-585-6074x859,27,Female,France
112,Thomas,Ortiz,thomas.ortiz931@yahoo.com,(382)238-7354,27,Female,Canada
113,Sharon,Williams,sharon.williams518@yahoo.com,001-445-985-6522,46,Female,Canada
114,Natalie,Dalton,natalie.dalton812@yahoo.com,294-610-1275x3069,53,Other,Australia
115,Rachel,Johnson,rachel.johnson778@gmail.com,+1-376-296-8932x4820,30,Female,UK
116,Robert,Jackson,robert.jackson788@gmail.com,134.595.2573,44,Other,Canada
117,Mary,Acosta,mary.acosta10@hotmail.com,+1-186-969-2276x04272,46,Other,Germany
118,Andrew,White,andrew.white893@yahoo.com,+1-642-513-2973x73631,46,Other,France
119,Stephanie,French,stephanie.french714@gmail.com,505-870-7874x2791,55,Female,Germany
120,Sharon,Tran,sharon.tran766@hotmail.com,001-023-945-7785x32996,40,Female,Australia
121,Peter,Horton,peter.horton420@yahoo.com,263-472-9136,56,Female,India
122,Michael,Knapp,michael.knapp796@gmail.com,001-145-170-6507x56998,58,Male,Canada
123,Anthony,Farrell,anthony.farrell114@gmail.com,661-135-3576x553,44,Other,UK
124,Evan,Hayes,evan.hayes32@hotmail.com,305-204-0409,28,Female,Germany
125,Andre,Burnett,andre.burnett890@yahoo.com,001-992-583-7504x05163,24,Female,France
126,Jose,Anderson,jose.anderson689@gmail.com,258-168-0835x8079,27,Other,UK
127,Jacob,Hayes,jacob.hayes758@yahoo.com,001-067-679-6971x7696,56,Male,UK
128,Brittany,Walton,brittany.walton175@gmail.com,117.423.8743,38,Other,Germany
129,Pamela,Hardy,pamela.hardy571@hotmail.com,001-223-434-3737,41,Female,Australia
130,Theresa,Simmons,theresa.simmons67@gmail.com,367.991.7041x7685,56,Female,France
131,Joseph,Waller,joseph.waller534@gmail.com,+1-089-180-6940x7973,37,Male,Germany
132,Margaret,Briggs,margaret.briggs766@hotmail.com,240.828.3879x47904,60,Other,France
133,Stephanie,Mcknight,stephanie.mcknight137@hotmail.com,345-481-6858,24,Male,Germany
134,Timothy,Murray,timothy.murray600@gmail.com,(401)549-7204x651,26,Male,India
135,Laurie,Mcfarland,laurie.mcfarland74@yahoo.com,550.735.7148,54,Female,Canada
136,Carolyn,Washington,carolyn.washington207@gmail.com,001-917-686-7600x3955,34,Other,India
137,Christopher,Houston,christopher.houston308@gmail.com,001-210-803-4311x8935,52,Male,Australia
138,Mark,Rogers,mark.rogers148@hotmail.com,+1-160-778-7352x19397,42,Female,Australia
139,Donald,Smith,donald.smith398@yahoo.com,+1-689-576-4660x31560,36,Female,France
140,Melissa,Hicks,melissa.hicks190@yahoo.com,-4705,34,Male,Canada
141,Andrew,Mcguire,andrew.mcguire963@gmail.com,778.122.2660x3347,30,Other,Canada
142,Linda,Harrison,linda.harrison792@gmail.com,447-026-7937,19,Male,France
143,Patrick,Hunter,patrick.hunter868@hotmail.com,+1-506-609-3570x6392,32,Female,UK
144,Kendra,Martinez,kendra.martinez135@gmail.com,979.854.7658x235,53,Other,France
145,Thomas,Williams,thomas.williams359@gmail.com,989.839.5839,19,Male,Germany
146,Beth,Rice,beth.rice585@gmail.com,4757971877,53,Male,France
147,Kevin,Miller,kevin.miller348@gmail.com,282854254,38,Female,Canada
148,Thomas,Smith,thomas.smith30@yahoo.com,(257)531-1428,24,Male,France
149,John,Porter,john.porter169@yahoo.com,956-242-5601x772,55,Female,India
150,Charles,Gordon,charles.gordon727@gmail.com,(697)717-6961,59,Male,Germany
151,Brent,Wallace,brent.wallace843@hotmail.com,620.485.9680,52,Other,India
152,Nicholas,Aguilar,nicholas.aguilar800@hotmail.com,229.954.0522x3311,52,Other,UK
153,Julia,Evans,julia.evans12@gmail.com,(344)755-7283x9920,57,Other,USA
154,Anna,Brown,anna.brown792@gmail.com,001-290-235-1823x520,22,Male,India
155,Laura,Anderson,laura.anderson506@gmail.com,001-582-874-9897x0120,43,Other,Canada
156,Jeffrey,Jones,jeffrey.jones665@yahoo.com,725-474-4558x723,29,Other,France
157,Janet,Harris,janet.harris763@gmail.com,+1-887-204-2075x87615,28,Male,France
158,Danielle,Scott,danielle.scott145@gmail.com,773-337-7362x181,20,Male,France
159,Ian,Burton,ian.burton946@yahoo.com,(033)789-8505,59,Other,UK
160,Michelle,Murphy,michelle.murphy971@yahoo.com,901-249-5493,47,Female,UK
161,Shawn,Richardson,shawn.richardson272@gmail.com,001-335-601-0185x6453,48,Female,Canada
162,Eric,Marshall,eric.marshall452@gmail.com,436.811.5156x00628,50,Other,Canada
163,Glenn,Meyer,glenn.meyer929@gmail.com,(772)900-4274x989,52,Female,USA
164,Andrea,Rivera,andrea.rivera766@hotmail.com,001-028-102-9808x4822,29,Male,UK
165,Steven,Foster,steven.foster800@yahoo.com,(561)447-3772x77453,45,Other,Australia
166,Victoria,Brooks,victoria.brooks398@gmail.com,(130)595-3928,46,Male,France
167,Sonya,Davis,sonya.davis854@gmail.com,4247411205,27,Male,Australia
168,Joe,Harris,joe.harris859@gmail.com,-10360,27,Other,UK
169,Roger,Fowler,roger.fowler29@gmail.com,(875)932-6527x02577,32,Other,UK
170,Michael,Weaver,michael.weaver988@yahoo.com,(380)091-6788,21,Male,Germany
171,Grace,Meyer,grace.meyer919@hotmail.com,8849704541,31,Female,France
172,Sara,Kane,sara.kane539@yahoo.com,+1-229-549-0894x692,51,Other,Australia
173,Ashley,Henson,ashley.henson971@gmail.com,244-831-7522,29,Female,Australia
174,Christina,Singleton,christina.singleton589@yahoo.com,969-208-8666x101,28,Male,USA
175,Erik,Thompson,erik.thompson663@yahoo.com,(553)877-0000x8749,33,Male,Germany
176,Donald,Jones,donald.jones912@yahoo.com,(383)763-8935x286,21,Other,Canada
177,Timothy,Hughes,timothy.hughes229@hotmail.com,557.203.5200,57,Male,India
178,Jasmine,Flores,jasmine.flores282@hotmail.com,(584)539-9331x193,46,Other,USA
179,Larry,Reynolds,larry.reynolds756@gmail.com,1229098412,30,Other,USA
180,Sara,Fuller,sara.fuller338@gmail.com,860-647-3624,50,Other,USA
181,Phillip,Allen,phillip.allen263@yahoo.com,039-256-9111,53,Female,USA
182,Shane,Greer,shane.greer665@yahoo.com,067.595.6999,51,Other,USA
183,Diana,Lewis,diana.lewis547@hotmail.com,+1-786-467-6297x0624,27,Other,UK
184,Gail,Mcintosh,gail.mcintosh45@hotmail.com,654330536,42,Other,USA
185,Richard,Compton,richard.compton864@hotmail.com,+1-202-074-2512x0555,31,Other,Germany
186,Elizabeth,Scott,elizabeth.scott680@hotmail.com,678.223.9889,56,Male,USA
187,Michael,Henry,michael.henry729@gmail.com,-8171,29,Male,Germany
188,Yvonne,Williams,yvonne.williams444@hotmail.com,381.280.8552,40,Male,India
189,Ryan,Hall,ryan.hall178@gmail.com,+1-882-013-8851x1472,53,Female,UK
190,Kaitlin,Haynes,kaitlin.haynes37@yahoo.com,471.276.9724x340,27,Male,UK
191,Zachary,Gutierrez,zachary.gutierrez50@hotmail.com,296.411.9685,23,Female,France
192,Savannah,Russell,savannah.russell919@hotmail.com,(689)908-6885x113,39,Other,UK
193,Russell,Lane,russell.lane314@yahoo.com,001-415-374-5675,36,Female,Germany
194,Michele,Diaz,michele.diaz239@gmail.com,816.059.9097x0961,46,Male,Canada
195,Renee,Norris,renee.norris572@gmail.com,+1-653-455-9295x06658,27,Female,France
196,Christopher,Contreras,christopher.contreras755@yahoo.com,196.212.9987x12214,35,Other,India
197,Kathy,Brooks,kathy.brooks20@gmail.com,287.474.6874x07707,19,Female,Australia
198,Kevin,Oliver,kevin.oliver863@yahoo.com,638-288-0705x12095,32,Female,Australia
199,Sarah,Li,sarah.li800@hotmail.com,(689)758-0038x7415,34,Female,Australia
200,Edward,Chavez,edward.chavez759@gmail.com,467-586-2045x83794,30,Male,India
201,Angela,Stark,angela.stark213@yahoo.com,-4663,47,Other,UK
202,Tiffany,Burgess,tiffany.burgess403@gmail.com,(544)894-2313x085,47,Male,USA
203,Michael,Ramirez,michael.ramirez168@hotmail.com,853-997-0266x767,21,Male,USA
204,Nicholas,Park,nicholas.park481@gmail.com,179-010-7439,26,Male,USA
205,Ryan,Huff,ryan.huff558@hotmail.com,(099)813-0021,34,Other,India
206,Randall,Parker,randall.parker219@gmail.com,(912)440-8268,53,Female,Germany
207,Amy,Walker,amy.walker61@hotmail.com,964-944-3645x108,30,Other,Germany
208,Shelby,Castillo,shelby.castillo721@gmail.com,061.791.0263,46,Male,France
209,Julie,Shelton,julie.shelton492@yahoo.com,5565402582,52,Other,USA
210,James,Hahn,james.hahn602@hotmail.com,(059)114-6275x76845,35,Female,Canada
211,Michelle,Foster,michelle.foster94@gmail.com,001-311-174-8428,23,Other,UK
212,Kevin,Gordon,kevin.gordon907@hotmail.com,+1-547-054-3753x2376,52,Other,USA
213,Lisa,Reed,lisa.reed926@hotmail.com,083.832.1853,47,Female,Australia
214,Christopher,Crawford,christopher.crawford123@hotmail.com,+1-067-010-2005x019,25,Male,India
215,Ashley,Rios,ashley.rios134@gmail.com,(049)053-3688,56,Male,USA
216,Jessica,Brennan,jessica.brennan787@gmail.com,199-160-2520,59,Male,India
217,Christine,Rice,christine.rice36@yahoo.com,922-589-4025,57,Male,Australia
218,Christine,Spencer,christine.spencer817@yahoo.com,+1-735-095-5912x371,58,Female,Canada
219,Kristin,Young,kristin.young15@yahoo.com,319212788,42,Other,UK
220,Justin,Moore,justin.moore821@hotmail.com,(942)093-0190,32,Other,USA
221,Kristine,Ward,kristine.ward369@hotmail.com,227.301.2102,50,Female,Germany
222,Jack,Rollins,jack.rollins227@gmail.com,490-245-6687x95879,33,Other,Canada
223,Jennifer,Griffith,jennifer.griffith134@yahoo.com,001-325-266-8743,29,Other,Australia
224,Stephanie,Waller,stephanie.waller964@yahoo.com,2045249173,58,Male,Australia
225,Patrick,Perez,patrick.perez532@hotmail.com,3351805565,36,Male,Germany
226,Amy,Parks,amy.parks317@yahoo.com,(496)224-5681,32,Other,France
227,Lori,Bowers,lori.bowers50@gmail.com,646.325.5260x487,23,Other,Australia
228,Jody,Hayes,jody.hayes574@hotmail.com,177.848.1748x18539,27,Male,USA
229,Olivia,Adams,olivia.adams601@hotmail.com,(424)446-1509x87355,47,Female,Germany
230,Connie,Key,connie.key7@hotmail.com,001-990-639-4086x584,44,Female,Canada
231,Jacob,Wong,jacob.wong351@hotmail.com,401-547-4924x716,52,Male,India
232,Donald,Lee,donald.lee604@yahoo.com,918-022-2915x70338,33,Other,UK
233,Justin,Wells,justin.wells240@yahoo.com,741-147-3493,34,Female,Canada
234,Tina,Weeks,tina.weeks889@hotmail.com,001-804-044-2529,56,Other,USA
235,Gina,Jackson,gina.jackson973@gmail.com,001-288-220-2021x7471,42,Male,UK
236,Crystal,Morris,crystal.morris53@gmail.com,108-077-5061x2101,50,Other,France
237,Luke,Pineda,luke.pineda745@yahoo.com,725.269.3167,29,Other,USA
238,Jerry,Jones,jerry.jones690@hotmail.com,(494)673-4875x927,55,Male,France
239,Timothy,Gomez,timothy.gomez964@gmail.com,765-864-6480,23,Other,Australia
240,Margaret,Hill,margaret.hill99@hotmail.com,(464)422-6845,24,Other,India
241,Jeffrey,Murphy,jeffrey.murphy862@gmail.com,730.705.4491x2028,35,Male,UK
242,Michele,Sparks,michele.sparks391@hotmail.com,2962902510,26,Male,USA
243,Christopher,Walker,christopher.walker460@hotmail.com,+1-276-167-8705x4451,33,Other,USA
244,John,Webb,john.webb813@gmail.com,209-502-6844x747,20,Male,France
245,Leslie,Williams,leslie.williams680@yahoo.com,(492)517-8725x73573,20,Other,USA
246,John,Ibarra,john.ibarra833@gmail.com,001-118-244-9802,46,Other,Australia
247,Ronnie,Mullen,ronnie.mullen167@hotmail.com,-6951,54,Female,India
248,James,Bennett,james.bennett52@gmail.com,+1-581-832-4173x626,30,Other,Canada
249,Anthony,Sanchez,anthony.sanchez603@yahoo.com,001-589-994-6776,21,Female,Australia
250,Andrew,Armstrong,andrew.armstrong221@yahoo.com,445-149-0378x505,59,Other,France
251,Amber,Potts,amber.potts487@hotmail.com,(225)763-1522x190,52,Male,USA
252,Melissa,Johnson,melissa.johnson46@gmail.com,893-227-7751,34,Female,USA
253,Kevin,Haynes,kevin.haynes755@yahoo.com,820.025.9505x1471,56,Other,USA
254,Tyler,Hayes,tyler.hayes901@gmail.com,001-393-728-7214x242,60,Male,UK
255,Vanessa,Frederick,vanessa.frederick575@hotmail.com,(061)629-0510,38,Other,USA
256,Caitlin,Griffin,caitlin.griffin941@hotmail.com,233.147.4511x4139,47,Female,India
257,Joseph,Sellers,joseph.sellers168@yahoo.com,18797839,36,Female,India
258,Marc,Sanchez,marc.sanchez927@gmail.com,+1-751-696-4781x2620,31,Female,USA
259,Dana,Barnes,dana.barnes676@gmail.com,754-180-0665,28,Female,Canada
260,Anthony,Myers,anthony.myers104@gmail.com,353.383.1758x55441,19,Female,Canada
261,Janet,Cox,janet.cox110@gmail.com,166.795.3966x323,25,Male,Australia
262,Carlos,Sanchez,carlos.sanchez930@hotmail.com,(809)171-0607x4307,55,Female,UK
263,Ryan,Simpson,ryan.simpson541@yahoo.com,049-274-4178x724,53,Female,Germany
264,Eric,Gibson,eric.gibson42@gmail.com,9503143929,24,Other,Canada
265,Pamela,Watson,pamela.watson482@gmail.com,(029)673-0717x05104,45,Other,UK
266,Dana,Johnson,dana.johnson612@hotmail.com,001-157-503-0994x4554,28,Female,USA
267,Tiffany,Dennis,tiffany.dennis342@hotmail.com,+1-046-939-3259x17971,49,Male,USA
268,Joseph,Daniel,joseph.daniel710@yahoo.com,072.213.5811,21,Other,Germany
269,Kyle,Mcdaniel,kyle.mcdaniel155@hotmail.com,001-137-879-1277,39,Other,UK
270,Frank,Crawford,frank.crawford61@hotmail.com,101.882.0207,24,Female,Canada
271,Jason,Mcpherson,jason.mcpherson520@yahoo.com,+1-338-664-0052x352,30,Other,Germany
272,Elizabeth,Tran,elizabeth.tran218@gmail.com,266-127-5316x1185,32,Other,Germany
273,Charles,Evans,charles.evans175@yahoo.com,001-223-064-1125x902,39,Female,USA
274,Amanda,Osborne,amanda.osborne541@gmail.com,(437)332-1327,36,Female,Germany
275,Daniel,Chambers,daniel.chambers715@gmail.com,477-393-5213x3489,60,Other,Germany
276,Tanya,Rios,tanya.rios697@hotmail.com,+1-982-926-0202x655,57,Male,Australia
277,Adrienne,Shah,adrienne.shah501@gmail.com,001-040-697-6745,23,Male,Germany
278,Miguel,Adams,miguel.adams394@gmail.com,8772332142,58,Female,Canada
279,Susan,Carter,susan.carter191@hotmail.com,(015)641-1404,19,Male,Canada
280,Mary,Le,mary.le554@hotmail.com,098.362.3110x14796,29,Female,France
281,Gregory,Jones,gregory.jones241@yahoo.com,+1-755-193-9043x415,48,Male,UK
282,Sabrina,Joyce,sabrina.joyce474@hotmail.com,(786)360-5057,38,Male,France
283,Gina,Moore,gina.moore516@hotmail.com,879.830.4688x111,23,Male,India
284,Anthony,Jackson,anthony.jackson927@gmail.com,134.744.7662,22,Male,France
285,Karen,Martinez,karen.martinez330@gmail.com,(590)855-4086x6481,60,Female,Canada
286,Shawn,Fuller,shawn.fuller524@gmail.com,-8414,29,Female,UK
287,Dustin,Lewis,dustin.lewis889@gmail.com,853.953.3761x37108,38,Male,USA
288,Benjamin,Warren,benjamin.warren126@yahoo.com,(749)506-2794x8078,35,Male,USA
289,Russell,Thompson,russell.thompson598@yahoo.com,314.008.7579x437,42,Other,Australia
290,Michael,Cox,michael.cox204@yahoo.com,442-972-7844x093,51,Other,UK
291,Victoria,Howard,victoria.howard969@gmail.com,661.405.3349x1855,53,Other,Germany
292,Leslie,Rivera,leslie.rivera105@hotmail.com,973-886-5112,46,Female,Germany
293,Krista,Walker,krista.walker896@yahoo.com,755-330-7313x47632,50,Other,India
294,Christopher,Klein,christopher.klein756@gmail.com,001-086-469-7586x3789,56,Female,India
295,Rodney,Middleton,rodney.middleton886@yahoo.com,7489002552,40,Other,USA
296,Ricardo,Anderson,ricardo.anderson441@hotmail.com,001-915-061-8908x9644,24,Female,USA
297,Nathan,Campbell,nathan.campbell495@hotmail.com,284-864-4322x278,46,Female,UK
298,Hailey,Fischer,hailey.fischer382@hotmail.com,584-257-0712x57810,45,Male,India
299,Corey,Martin,corey.martin223@gmail.com,001-652-993-0359x614,51,Other,Australia
300,Michael,Matthews,michael.matthews678@gmail.com,035-219-0100,60,Female,UK
301,Megan,Fletcher,megan.fletcher976@yahoo.com,386.836.2716x7192,57,Male,Australia
302,Kristin,Hensley,kristin.hensley652@hotmail.com,(350)942-9720,44,Male,USA
303,Carol,Mcguire,carol.mcguire120@yahoo.com,448090840,38,Female,France
304,Julie,Miller,julie.miller893@gmail.com,+1-349-126-2696x59641,51,Female,UK
305,Alexandria,Schroeder,alexandria.schroeder29@yahoo.com,135-679-7507,35,Other,Canada
306,Donna,Collins,donna.collins833@hotmail.com,(288)164-8646,43,Other,India
307,Michael,Huffman,michael.huffman358@yahoo.com,352.296.8178x1862,42,Male,Australia
308,Wesley,Mcdonald,wesley.mcdonald668@yahoo.com,873-112-4227x3983,54,Other,India
309,Brianna,Farrell,brianna.farrell963@gmail.com,001-409-241-0898x024,50,Other,USA
310,Monica,Hunter,monica.hunter273@gmail.com,-6267,44,Female,Australia
311,Steven,Allen,steven.allen617@yahoo.com,8165303267,50,Other,Canada
312,Angelica,Jones,angelica.jones857@hotmail.com,419-011-0955x49345,45,Female,Australia
313,William,Bryant,william.bryant122@gmail.com,+1-762-426-9210x408,39,Other,USA
314,Mariah,Bell,mariah.bell141@hotmail.com,001-295-279-8345x72097,38,Female,Germany
315,Manuel,Hunter,manuel.hunter544@hotmail.com,(141)858-7757,34,Female,Australia
316,Parker,Robinson,parker.robinson711@yahoo.com,(959)213-8112x648,18,Female,France
317,Sandra,Davis,sandra.davis835@hotmail.com,(596)981-8137x005,35,Female,UK
318,Destiny,Russell,destiny.russell641@hotmail.com,(694)488-8290x811,37,Other,Germany
319,Jeanette,Adams,jeanette.adams373@gmail.com,9704781382,58,Female,Australia
320,Michael,Mcclure,michael.mcclure946@yahoo.com,346.763.1677x6606,39,Other,USA
321,Michelle,Thornton,michelle.thornton561@hotmail.com,-7913,49,Female,UK
322,Brian,Anderson,brian.anderson698@gmail.com,(489)992-7430,35,Male,USA
323,Brian,Sanchez,brian.sanchez23@yahoo.com,306.113.0705x5631,37,Female,India
324,Erik,Diaz,erik.diaz458@gmail.com,001-480-797-9960x2359,31,Male,France
325,Lindsay,Santos,lindsay.santos898@hotmail.com,(292)901-6638x92716,58,Female,Canada
326,Kendra,Hatfield,kendra.hatfield708@yahoo.com,(396)525-7563,21,Other,UK
327,Carl,Hamilton,carl.hamilton650@yahoo.com,518-442-9632x278,24,Other,UK
328,Seth,Turner,seth.turner731@hotmail.com,899-679-1282,34,Female,France
329,Trevor,Tucker,trevor.tucker843@gmail.com,-10002,19,Other,UK
330,Debra,Whitaker,debra.whitaker8@yahoo.com,725-417-4039x4444,39,Female,France
331,David,Kennedy,david.kennedy132@yahoo.com,591-119-3479x48729,35,Female,Germany
332,Ashley,Vasquez,ashley.vasquez75@hotmail.com,604.398.4301x8389,23,Male,Canada
333,Michael,Bell,michael.bell187@hotmail.com,288-410-8452,43,Other,USA
334,Lisa,Kim,lisa.kim914@gmail.com,773-552-1502x00452,46,Other,Germany
335,Trevor,Simpson,trevor.simpson564@hotmail.com,(000)583-0975x3267,54,Female,USA
336,Ricky,Garcia,ricky.garcia11@yahoo.com,5795285,55,Male,USA
337,Scott,Berry,scott.berry94@gmail.com,-7554,27,Male,Germany
338,Richard,Stewart,richard.stewart469@gmail.com,001-858-628-7568x6935,18,Male,France
339,Mary,Cook,mary.cook979@yahoo.com,067-716-6462x6805,41,Female,UK
340,Miranda,French,miranda.french345@yahoo.com,-2274,22,Male,India
341,Ryan,Jones,ryan.jones313@yahoo.com,(669)628-6906,33,Other,UK
342,Jeffrey,Moore,jeffrey.moore909@hotmail.com,682-397-3884,51,Male,India
343,Robin,Dickerson,robin.dickerson815@hotmail.com,8188208688,46,Other,France
344,John,Browning,john.browning129@gmail.com,050.677.1686x0157,29,Female,Canada
345,Timothy,Castro,timothy.castro498@hotmail.com,764986596,59,Other,USA
346,Timothy,Chaney,timothy.chaney528@gmail.com,001-857-841-8565x5777,24,Male,France
347,Paige,Browning,paige.browning659@yahoo.com,543-676-6387,55,Female,India
348,Anthony,Perkins,anthony.perkins473@hotmail.com,001-714-554-6952x528,20,Other,France
349,Heather,Robinson,heather.robinson172@hotmail.com,(725)757-0854x408,38,Male,Australia
350,Alexis,Rogers,alexis.rogers718@hotmail.com,592.826.0770x0343,49,Female,UK
351,Shawn,Benson,shawn.benson655@yahoo.com,(230)117-7186x3080,55,Female,UK
352,Monica,Barnes,monica.barnes225@hotmail.com,+1-517-597-8665x29096,52,Other,Australia
353,Shane,Santiago,shane.santiago993@hotmail.com,-5613,58,Other,France
354,Gail,Clark,gail.clark280@hotmail.com,944-004-1440,39,Female,UK
355,Devin,Hernandez,devin.hernandez373@hotmail.com,693-307-8635x4568,54,Other,Canada
356,Nicholas,Mendez,nicholas.mendez200@yahoo.com,(871)301-3120x4612,47,Female,India
357,Samuel,Perry,samuel.perry332@hotmail.com,808-581-9011x228,27,Male,UK
358,Robert,Riddle,robert.riddle751@gmail.com,518-405-5227,53,Other,Canada
359,Barbara,Crawford,barbara.crawford590@yahoo.com,001-893-105-7339,30,Female,India
360,Felicia,Rodriguez,felicia.rodriguez821@hotmail.com,340.446.9788x181,42,Male,Canada
361,David,Parker,david.parker842@yahoo.com,851.524.5328x42301,59,Male,India
362,Ronald,Foster,ronald.foster878@yahoo.com,(556)329-7199x640,23,Other,UK
363,Deanna,Carter,deanna.carter41@hotmail.com,268.676.0088,21,Male,USA
364,Eric,Smith,eric.smith307@gmail.com,001-844-501-3603x942,35,Other,Germany
365,Theresa,Reynolds,theresa.reynolds79@gmail.com,001-322-543-0381,49,Male,India
366,Jennifer,Evans,jennifer.evans836@gmail.com,4819601470,28,Male,Germany
367,Joseph,Logan,joseph.logan137@hotmail.com,798-867-6370x5137,22,Female,Canada
368,Robert,Austin,robert.austin826@yahoo.com,342-758-9107x744,30,Female,Australia
369,Alexander,Gomez,alexander.gomez784@hotmail.com,001-270-787-0306,42,Other,Australia
370,Amanda,Chambers,amanda.chambers397@yahoo.com,001-160-062-4875x750,28,Male,Germany
371,Benjamin,Miles,benjamin.miles854@hotmail.com,821.222.8924x74746,34,Male,Australia
372,John,Thompson,john.thompson274@yahoo.com,001-368-305-9829x87099,45,Male,France
373,Joshua,Hines,joshua.hines174@yahoo.com,001-713-366-0355x556,31,Male,France
374,Ethan,Brooks,ethan.brooks354@hotmail.com,+1-687-779-4117x5422,45,Female,France
375,Leslie,Schultz,leslie.schultz299@yahoo.com,752.099.8028,20,Female,Australia
376,Cheryl,Mitchell,cheryl.mitchell265@gmail.com,(243)774-3816,31,Male,Canada
377,Nicole,Fuentes,nicole.fuentes502@gmail.com,624-750-2593x342,51,Other,Germany
378,Ryan,Buchanan,ryan.buchanan582@gmail.com,027.380.6934,43,Female,France
379,Valerie,Robinson,valerie.robinson341@yahoo.com,183-851-1770x35061,18,Female,Australia
380,David,Gilbert,david.gilbert709@gmail.com,708.763.3595,29,Male,India
381,Melissa,Brown,melissa.brown537@yahoo.com,118-822-9683x84763,30,Female,India
382,Jennifer,Haney,jennifer.haney703@yahoo.com,001-720-409-8527,60,Other,USA
383,Amy,Pearson,amy.pearson568@hotmail.com,001-803-816-8273x26432,46,Female,Germany
384,Tonya,Mckenzie,tonya.mckenzie125@hotmail.com,+1-683-212-7970x7208,47,Female,France
385,Daniel,Davis,daniel.davis872@gmail.com,706859424,30,Other,Germany
386,Emily,Carter,emily.carter343@yahoo.com,648-008-7140,44,Male,Australia
387,Jenny,Duncan,jenny.duncan231@gmail.com,761.882.2810x4932,21,Male,India
388,Paul,Blair,paul.blair564@gmail.com,3216825133,36,Male,Canada
389,Judy,Jensen,judy.jensen247@hotmail.com,699-396-2856x76420,18,Male,Australia
390,Christopher,Armstrong,christopher.armstrong92@hotmail.com,(008)633-2311x039,20,Male,Germany
391,Austin,Levine,austin.levine307@yahoo.com,+1-254-268-5661x4094,37,Other,Canada
392,Tracy,Hickman,tracy.hickman536@yahoo.com,748-833-8509,29,Female,Germany
393,Derek,Williams,derek.williams56@gmail.com,524.211.8583,26,Male,France
394,John,Gonzales,john.gonzales984@yahoo.com,+1-193-792-2113x4901,23,Male,Germany
395,Michael,Wood,michael.wood362@gmail.com,+1-901-151-2928x004,54,Female,Canada
396,Jacqueline,Gonzalez,jacqueline.gonzalez973@yahoo.com,+1-509-321-8132x0417,60,Other,India
397,Tammy,Alexander,tammy.alexander37@gmail.com,561-013-8885x23401,42,Male,Germany
398,Karen,Zimmerman,karen.zimmerman55@yahoo.com,(806)561-8069x98928,48,Female,UK
399,Joseph,Roth,joseph.roth784@hotmail.com,312.466.1878,47,Other,Germany
400,Christine,Gross,christine.gross568@yahoo.com,676-134-1265x04063,32,Female,Australia
